{"cameraMode":{"drawMode":0,"name":"Shaded","section":"Shading Mode"},"sceneLighting":false,"audioPlay":false,"sceneViewState":{"m_AlwaysRefresh":false,"showFog":true,"showSkybox":false,"showFlares":true,"showImageEffects":true,"showParticleSystems":true,"showVisualEffectGraphs":true,"m_FxEnabled":true},"in2DMode":false,"pivot":{"x":-3.306548595428467,"y":0.5293893814086914,"z":0.5999965071678162},"rotation":{"x":0.6873481273651123,"y":0.0010842268820852042,"z":-0.0010312480153515936,"w":0.7263584733009338},"size":1.2420504093170167,"orthographic":true}