{"cameraMode":{"drawMode":0,"name":"Shaded","section":"Shading Mode"},"sceneLighting":true,"audioPlay":false,"sceneViewState":{"m_AlwaysRefresh":false,"showFog":true,"showSkybox":true,"showFlares":true,"showImageEffects":true,"showParticleSystems":true,"showVisualEffectGraphs":true,"m_FxEnabled":false},"in2DMode":false,"pivot":{"x":132.31332397460938,"y":321.37567138671877,"z":58.73431396484375},"rotation":{"x":-0.1775718629360199,"y":0.012775341980159283,"z":-0.0023187913466244938,"w":-0.9841941595077515},"size":152.06906127929688,"orthographic":false}